[
    {
        "name": "Two of a Kind",
        "multiplier": 1.25,
        "checkFunction": "isTwoOfAKind"
    },
    {
        "name": "Three of a Kind",
        "multiplier": 2.0,
        "checkFunction": "isThreeOfAKind"
    },
    {
        "name": "Four of a Kind",
        "multiplier": 6.0,
        "checkFunction": "isFourOfAKind"
    },
    {
        "name": "Full House",
        "multiplier": 3.0,
        "checkFunction": "isFullHouse"
    },
    {
        "name": "Small Straight",
        "multiplier": 2.5,
        "checkFunction": "isSmallStraight"
    },
    {
        "name": "Large Straight",
        "multiplier": 4.0,
        "checkFunction": "isLargeStraight"
    },
    {
        "name": "Yahtzee",
        "multiplier": 10.0,
        "checkFunction": "isYahtzee"
    },
    {
        "name": "Chance",
        "multiplier": 1.0,
        "checkFunction": "isChance"
    }
]
