[
    {
        "id": "extra_reroll",
        "name": "Extra Reroll",
        "cost": 100,
        "properties": {
            "increment_rerolls": 1,
            "increment_submissions": 0,
            "increment_score_multiplier": 0,
            "minimum_dice_value": 0,
            "allow_revival": false,
            "persist_between_rounds": true,
            "is_consumable": false,
            "requires_boss_defeated": false,
            "carry_over_rerolls": false,
            "store_dice": false,
            "duplicate_before_reroll": false
        }
    },
    {
        "id": "extra_submit",
        "name": "Extra Submit",
        "cost": 150,
        "properties": {
            "increment_rerolls": 0,
            "increment_submissions": 1,
            "increment_score_multiplier": 0,
            "minimum_dice_value": 0,
            "allow_revival": false,
            "persist_between_rounds": true,
            "is_consumable": false,
            "requires_boss_defeated": false,
            "carry_over_rerolls": false,
            "store_dice": false,
            "duplicate_before_reroll": false
        }
    },
    {
        "id": "lucky_dice_1",
        "name": "Lucky Dice on 1",
        "cost": 250,
        "properties": {
            "increment_rerolls": 0,
            "increment_submissions": 0,
            "increment_score_multiplier": 0,
            "dice_effects": [
                {
                    "trigger_value": 1,
                    "bonus_points": 1
                }
            ],
            "minimum_dice_value": 0,
            "allow_revival": false,
            "persist_between_rounds": true,
            "is_consumable": false,
            "requires_boss_defeated": false,
            "carry_over_rerolls": false,
            "store_dice": false,
            "duplicate_before_reroll": false
        }
    },
    {
        "id": "score_multiplier",
        "name": "Score Multiplier",
        "cost": 200,
        "properties": {
            "increment_rerolls": 0,
            "increment_submissions": 0,
            "increment_score_multiplier": 0.5,
            "minimum_dice_value": 0,
            "allow_revival": false,
            "persist_between_rounds": true,
            "is_consumable": false,
            "requires_boss_defeated": false,
            "carry_over_rerolls": false,
            "store_dice": false,
            "duplicate_before_reroll": false
        }
    },
    {
        "id": "lucky_dice_4",
        "name": "Lucky Dice on 4",
        "cost": 300,
        "properties": {
            "increment_rerolls": 0,
            "increment_submissions": 0,
            "increment_score_multiplier": 0,
            "dice_effects": [
                {
                    "trigger_value": 4,
                    "bonus_points": 2
                }
            ],
            "allow_revival": false,
            "persist_between_rounds": true,
            "is_consumable": false
        }
    },
    {
        "id": "lucky_dice_6",
        "name": "Lucky Dice on 6",
        "cost": 350,
        "properties": {
            "increment_rerolls": 0,
            "increment_submissions": 0,
            "increment_score_multiplier": 0,
            "dice_effects": [
                {
                    "trigger_value": 6,
                    "bonus_points": 2
                }
            ],
            "allow_revival": false,
            "persist_between_rounds": true,
            "is_consumable": false
        }
    },
    {
        "id": "phoenix_feather",
        "name": "Revive Once",
        "cost": 500,
        "properties": {
            "increment_rerolls": 0,
            "increment_submissions": 0,
            "increment_score_multiplier": 0,
            "minimum_dice_value": 0,
            "allow_revival": true,
            "persist_between_rounds": true,
            "is_consumable": true,
            "requires_boss_defeated": false,
            "carry_over_rerolls": false,
            "store_dice": false,
            "duplicate_before_reroll": false
        }
    }
] 